ID,First Name,Last Name,Email ID,Address,Country,Job
2096,Donna,Torres,jermaine98@example.com,"281 Michelle Creek
East Timothy, NH 98381",Lao People's Democratic Republic,Statistician
2025,Kenneth,Perkins,testrada@example.com,"Unit 1158 Box 2167
DPO AE 94000",Luxembourg,Horticultural consultant
2036,Elizabeth,Barry,bbailey@example.net,"PSC 6986, Box 6026
APO AE 67143",Italy,Planning and development surveyor
2049,Matthew,Smith,benjaminross@example.org,"21169 Ronnie Roads Apt. 143
Lake Andrew, RI 84738",Germany,"Lighting technician, broadcasting/film/video"
2059,Gabriel,Mitchell,courtneygarcia@example.net,"350 Richardson Station Apt. 557
South Christophershire, PA 63113",Congo,"Education officer, community"
2097,Hayley,Fletcher,uhenderson@example.com,"07223 Martin Cliffs Apt. 239
Port Carlos, NY 06420",Svalbard & Jan Mayen Islands,Retail buyer
2029,Robin,Duran,eglass@example.net,"366 Wyatt Place Suite 943
West Brianna, DE 23911",Antarctica (the territory South of 60 deg S),"Designer, fashion/clothing"
2034,Teresa,Russo,heatherbrown@example.com,"6549 Bruce Lane
Connieview, ND 39479",Congo,Charity officer
2081,Kristin,Romero,elizabeth73@example.org,"42770 Michelle Ramp Apt. 314
Johnsonville, MA 73020",Montenegro,"Pilot, airline"
2027,Tracy,Gardner,danielterry@example.org,"83262 Brooks Divide Apt. 022
Toddport, OK 24259",Macao,Media buyer
2079,Erica,Ramos,bbrown@example.com,"429 Mccarthy Fall Suite 831
East Ricardo, MP 30393",Syrian Arab Republic,Microbiologist
2024,Patricia,Larson,mcneildebra@example.net,"924 Liu Ville
South Tabitha, MN 58284",Western Sahara,"Designer, furniture"
2055,Ryan,Lopez,aguirremargaret@example.org,"498 Carrie Rest Apt. 677
Robertfurt, NY 93863",Macedonia,Charity fundraiser
2040,Hunter,Cortez,brianfields@example.com,"0041 Laura Forks Apt. 533
Perryhaven, IA 37834",Hungary,Adult guidance worker
2003,Sarah,Gray,torresdavid@example.net,"28249 Rebecca Forks
North Ronaldfurt, LA 39495",Iceland,Art gallery manager
2010,Lisa,Lopez,xstewart@example.com,"793 Randy Locks
New Steve, MI 75112",Cuba,Therapeutic radiographer
2062,Mary,Olson,hernandeznathaniel@example.net,"78004 Rita Fork Suite 898
Lake Jenniferhaven, AZ 93577",Dominican Republic,Politician's assistant
2072,Lauren,Kirk,dylan13@example.org,"9563 Stevens Summit
East Taylor, PA 51360",Angola,Private music teacher
2025,Heather,Burke,aliciapace@example.org,"663 Paige Park
South Jamie, SD 20754",Palau,Veterinary surgeon
2024,Joshua,Garrison,lrodriguez@example.net,"PSC 0939, Box 4440
APO AA 11207",Syrian Arab Republic,"Designer, industrial/product"
